frame_1,frame_2,optical_flow_score,max_optical_flow,motion_area_ratio
frame_0000.png,frame_0001.png,0.3965683877468109,6.802465915679932,0.08842447916666667
frame_0001.png,frame_0002.png,0.27627572417259216,5.0907673835754395,0.05939887152777778
frame_0002.png,frame_0003.png,0.3268493115901947,5.5793962478637695,0.07849392361111111
frame_0003.png,frame_0004.png,0.4030528664588928,4.947046756744385,0.116923828125
frame_0004.png,frame_0005.png,0.43087294697761536,6.396124362945557,0.11445638020833333
frame_0005.png,frame_0006.png,0.44194236397743225,5.09257173538208,0.12136935763888888
frame_0006.png,frame_0007.png,0.4688735604286194,7.456482410430908,0.12611653645833334
frame_0007.png,frame_0008.png,0.4823857843875885,21.30721092224121,0.12072591145833333
frame_0008.png,frame_0009.png,0.4947825074195862,30.512928009033203,0.11696180555555556
frame_0009.png,frame_0010.png,0.49421989917755127,18.29314422607422,0.10932074652777778
frame_0010.png,frame_0011.png,0.49866828322410583,14.828783988952637,0.10628580729166667
frame_0011.png,frame_0012.png,0.4713127911090851,11.067554473876953,0.1016796875
frame_0012.png,frame_0013.png,0.5116692185401917,20.753490447998047,0.1050900607638889
frame_0013.png,frame_0014.png,0.4944910407066345,16.048831939697266,0.11154079861111112
frame_0014.png,frame_0015.png,0.4781065583229065,13.477038383483887,0.11160590277777778
frame_0015.png,frame_0016.png,0.5030088424682617,15.967676162719727,0.11284288194444445
frame_0016.png,frame_0017.png,0.5016722083091736,8.464716911315918,0.11755859375
frame_0017.png,frame_0018.png,0.5500038862228394,18.047487258911133,0.11256510416666667
frame_0018.png,frame_0019.png,0.5304370522499084,22.757627487182617,0.112529296875
frame_0019.png,frame_0020.png,0.5110723376274109,13.57841682434082,0.11504231770833333
frame_0020.png,frame_0021.png,0.5461247563362122,18.45068359375,0.11771050347222223
frame_0021.png,frame_0022.png,0.5206502079963684,12.002979278564453,0.12315104166666667
frame_0022.png,frame_0023.png,0.5182228684425354,8.099853515625,0.1287326388888889
frame_0023.png,frame_0024.png,0.5066269040107727,6.609429836273193,0.12755208333333334
frame_0024.png,frame_0025.png,0.48561087250709534,5.806947231292725,0.12769965277777778
frame_0025.png,frame_0026.png,0.4728648066520691,6.776132583618164,0.11549153645833334
frame_0026.png,frame_0027.png,0.43922343850135803,5.706798553466797,0.10561631944444444
frame_0027.png,frame_0028.png,0.4175545871257782,7.230347633361816,0.10821397569444445
frame_0028.png,frame_0029.png,0.37956711649894714,9.669857025146484,0.09747178819444445
frame_0029.png,frame_0030.png,0.36923977732658386,7.476600646972656,0.08966254340277778
frame_0030.png,frame_0031.png,0.3308708369731903,5.405287742614746,0.07676649305555555
frame_0031.png,frame_0032.png,0.29209932684898376,4.623039722442627,0.06458550347222222
frame_0032.png,frame_0033.png,0.2875623106956482,4.7632670402526855,0.060740017361111114
frame_0033.png,frame_0034.png,0.29434171319007874,4.755054950714111,0.05567274305555556
frame_0034.png,frame_0035.png,0.32612138986587524,4.7152099609375,0.05682291666666667
frame_0035.png,frame_0036.png,0.2930660545825958,4.882659435272217,0.05291666666666667
frame_0036.png,frame_0037.png,0.281794935464859,4.612033843994141,0.05674696180555556
frame_0037.png,frame_0038.png,0.2820371389389038,5.0591607093811035,0.05173285590277778
frame_0038.png,frame_0039.png,0.25760191679000854,6.0737690925598145,0.05357747395833334
frame_0039.png,frame_0040.png,0.26633283495903015,4.854357719421387,0.05806749131944444
frame_0040.png,frame_0041.png,0.2516331672668457,9.23713207244873,0.05325303819444444
frame_0041.png,frame_0042.png,0.2744538486003876,7.158908843994141,0.05549587673611111
frame_0042.png,frame_0043.png,0.2933516204357147,8.047379493713379,0.06310763888888889
frame_0043.png,frame_0044.png,0.2586100399494171,4.969430923461914,0.05692816840277778
frame_0044.png,frame_0045.png,0.257394015789032,7.4605207443237305,0.053424479166666664
frame_0045.png,frame_0046.png,0.28471997380256653,8.854348182678223,0.0572265625
frame_0046.png,frame_0047.png,0.2898918390274048,7.161883354187012,0.05943684895833334
frame_0047.png,frame_0048.png,0.27913570404052734,6.371619701385498,0.060556640625
frame_0048.png,frame_0049.png,0.27004146575927734,6.99901819229126,0.05370225694444444
frame_0049.png,frame_0050.png,0.2630821466445923,8.779025077819824,0.05417100694444445
frame_0050.png,frame_0051.png,0.24882963299751282,6.797210693359375,0.05459092881944445
frame_0051.png,frame_0052.png,0.23319345712661743,4.814930438995361,0.05238172743055555
frame_0052.png,frame_0053.png,0.24947920441627502,4.965139865875244,0.051395399305555554
frame_0053.png,frame_0054.png,0.2455247938632965,4.646843433380127,0.052129991319444444
frame_0054.png,frame_0055.png,0.238032728433609,5.0309271812438965,0.05182508680555555
frame_0055.png,frame_0056.png,0.24754756689071655,4.790893077850342,0.052236328125
frame_0056.png,frame_0057.png,0.24560649693012238,4.7789225578308105,0.05213216145833333
frame_0057.png,frame_0058.png,0.2593214511871338,6.124257564544678,0.05467990451388889
frame_0058.png,frame_0059.png,0.24152792990207672,5.9251861572265625,0.05360785590277778
frame_0059.png,frame_0060.png,0.26654472947120667,5.246273994445801,0.05467990451388889
frame_0060.png,frame_0061.png,0.2772705852985382,5.339759349822998,0.05450303819444444
frame_0061.png,frame_0062.png,0.23743683099746704,4.915853500366211,0.05378689236111111
frame_0062.png,frame_0063.png,0.24494943022727966,4.910192012786865,0.05120985243055556
frame_0063.png,frame_0064.png,0.23313646018505096,4.991917133331299,0.05361219618055556
frame_0064.png,frame_0065.png,0.22698289155960083,4.772736072540283,0.050946180555555554
frame_0065.png,frame_0066.png,0.2484309822320938,4.6685590744018555,0.052860243055555554
frame_0066.png,frame_0067.png,0.23601703345775604,5.315689563751221,0.054765625
frame_0067.png,frame_0068.png,0.23674540221691132,4.77515172958374,0.05364908854166667
frame_0068.png,frame_0069.png,0.24491526186466217,5.319136619567871,0.05350043402777778
frame_0069.png,frame_0070.png,0.23323982954025269,6.003387928009033,0.051848958333333334
frame_0070.png,frame_0071.png,0.24179092049598694,4.999185562133789,0.05531575520833333
frame_0071.png,frame_0072.png,0.2549546957015991,4.788180351257324,0.055997178819444444
frame_0072.png,frame_0073.png,0.23179204761981964,4.651178359985352,0.05280490451388889
frame_0073.png,frame_0074.png,0.24427196383476257,5.414002895355225,0.0543359375
frame_0074.png,frame_0075.png,0.2391822636127472,5.29500675201416,0.05187174479166667
frame_0075.png,frame_0076.png,0.24365712702274323,5.192441940307617,0.05170138888888889
frame_0076.png,frame_0077.png,0.22989332675933838,4.601258277893066,0.05311740451388889
frame_0077.png,frame_0078.png,0.24379923939704895,7.1486029624938965,0.05468315972222222
frame_0078.png,frame_0079.png,0.23700886964797974,5.0284833908081055,0.05279513888888889
frame_0079.png,frame_0080.png,0.22679483890533447,5.12793493270874,0.051397569444444444
frame_0080.png,frame_0081.png,0.23741617798805237,5.360319137573242,0.05164930555555555
frame_0081.png,frame_0082.png,0.22548219561576843,4.7096333503723145,0.05102213541666667
frame_0082.png,frame_0083.png,0.2543182969093323,4.768230438232422,0.05036783854166667
frame_0083.png,frame_0084.png,0.25604432821273804,5.314276218414307,0.050457899305555554
frame_0084.png,frame_0085.png,0.23495835065841675,4.646599769592285,0.051703559027777776
frame_0085.png,frame_0086.png,0.260675311088562,7.605813980102539,0.05577256944444445
frame_0086.png,frame_0087.png,0.2716478407382965,4.783639907836914,0.05406032986111111
frame_0087.png,frame_0088.png,0.2411356270313263,5.314594745635986,0.05195746527777778
frame_0088.png,frame_0089.png,0.25478532910346985,7.130093574523926,0.054076605902777776
frame_0089.png,frame_0090.png,0.24109339714050293,5.103783130645752,0.052758246527777775
frame_0090.png,frame_0091.png,0.2568221092224121,5.0548787117004395,0.053349609375
frame_0091.png,frame_0092.png,0.23220239579677582,4.704000949859619,0.05276909722222222
frame_0092.png,frame_0093.png,0.22818641364574432,4.709341526031494,0.05085503472222222
frame_0093.png,frame_0094.png,0.21650704741477966,5.149343013763428,0.050485026041666665
frame_0094.png,frame_0095.png,0.2316311001777649,6.928266525268555,0.05145290798611111
frame_0095.png,frame_0096.png,0.21885445713996887,4.729500770568848,0.05025282118055555
frame_0096.png,frame_0097.png,0.213262140750885,4.81446647644043,0.050037977430555554
frame_0097.png,frame_0098.png,0.22397896647453308,5.10041618347168,0.051982421875
frame_0098.png,frame_0099.png,0.24614088237285614,4.815357685089111,0.061416015625
frame_0099.png,frame_0100.png,0.2219185084104538,5.799102783203125,0.05241319444444444
frame_0100.png,frame_0101.png,0.23220866918563843,6.157714366912842,0.056762152777777776
frame_0101.png,frame_0102.png,0.2458355724811554,4.706007957458496,0.055151909722222225
frame_0102.png,frame_0103.png,0.2515963613986969,5.440075397491455,0.056311848958333334
frame_0103.png,frame_0104.png,0.2544328272342682,7.840364933013916,0.05775173611111111
frame_0104.png,frame_0105.png,0.3126225769519806,12.60564136505127,0.0641525607638889
frame_0105.png,frame_0106.png,0.27713432908058167,4.837706089019775,0.06249565972222222
frame_0106.png,frame_0107.png,0.3003005087375641,10.697997093200684,0.07301106770833334
frame_0107.png,frame_0108.png,0.3787522315979004,10.047003746032715,0.089775390625
frame_0108.png,frame_0109.png,0.3192010521888733,4.734481334686279,0.08301215277777778
frame_0109.png,frame_0110.png,0.29561007022857666,4.856461524963379,0.07488498263888889
frame_0110.png,frame_0111.png,0.30608850717544556,5.44903564453125,0.07570529513888889
frame_0111.png,frame_0112.png,0.32267582416534424,7.635303020477295,0.0750390625
frame_0112.png,frame_0113.png,0.33771416544914246,6.465643882751465,0.08609592013888889
frame_0113.png,frame_0114.png,0.3431239128112793,10.417993545532227,0.0861328125
frame_0114.png,frame_0115.png,0.3708895444869995,7.465809345245361,0.09530381944444444
frame_0115.png,frame_0116.png,0.3335450291633606,5.760815143585205,0.075341796875
frame_0116.png,frame_0117.png,0.33378586173057556,5.773563861846924,0.07333875868055556
frame_0117.png,frame_0118.png,0.32149720191955566,9.987619400024414,0.07786241319444444
frame_0118.png,frame_0119.png,0.31981948018074036,14.891397476196289,0.07023871527777778
frame_0119.png,frame_0120.png,0.3084643483161926,12.933682441711426,0.0623828125
frame_0120.png,frame_0121.png,0.32900550961494446,15.107627868652344,0.06421549479166666
frame_0121.png,frame_0122.png,0.3272370398044586,18.13775062561035,0.05804253472222222
frame_0122.png,frame_0123.png,0.2996687591075897,17.570270538330078,0.056302083333333336
frame_0123.png,frame_0124.png,0.38631218671798706,18.6552734375,0.09082465277777778
frame_0124.png,frame_0125.png,0.4206031560897827,14.35468578338623,0.09677951388888889
frame_0125.png,frame_0126.png,0.369066059589386,7.289265155792236,0.09221245659722223
frame_0126.png,frame_0127.png,0.32873791456222534,7.760471343994141,0.07922526041666667
frame_0127.png,frame_0128.png,0.3903311789035797,13.79138469696045,0.09538411458333333
frame_0128.png,frame_0129.png,0.4722256064414978,25.073204040527344,0.09012803819444444
frame_0129.png,frame_0130.png,0.46473678946495056,21.75014305114746,0.08539171006944445
frame_0130.png,frame_0131.png,0.42188698053359985,19.908185958862305,0.0963845486111111
frame_0131.png,frame_0132.png,0.45102185010910034,19.387434005737305,0.10529622395833334
frame_0132.png,frame_0133.png,0.4291330575942993,29.614242553710938,0.083955078125
frame_0133.png,frame_0134.png,0.3618302643299103,17.506519317626953,0.07135959201388889
frame_0134.png,frame_0135.png,0.36315250396728516,12.30514144897461,0.06819661458333333
frame_0135.png,frame_0136.png,0.3544951379299164,13.911404609680176,0.068642578125
frame_0136.png,frame_0137.png,0.3623279631137848,10.488224029541016,0.09781901041666667
frame_0137.png,frame_0138.png,0.33005720376968384,6.97764778137207,0.08568142361111111
frame_0138.png,frame_0139.png,0.2763378322124481,5.480197906494141,0.05769314236111111
frame_0139.png,frame_0140.png,0.34081703424453735,7.307618618011475,0.0912890625
frame_0140.png,frame_0141.png,0.35664480924606323,5.143791198730469,0.09165798611111112
frame_0141.png,frame_0142.png,0.30855971574783325,4.855615139007568,0.07979600694444444
frame_0142.png,frame_0143.png,0.2781064510345459,4.899918079376221,0.06100151909722222
frame_0143.png,frame_0144.png,0.23566851019859314,7.6599836349487305,0.05232313368055556
frame_0144.png,frame_0145.png,0.3208005726337433,4.6136932373046875,0.08155815972222222
frame_0145.png,frame_0146.png,0.3949916660785675,7.336893081665039,0.097978515625
frame_0146.png,frame_0147.png,0.34477823972702026,10.982339859008789,0.08785481770833334
frame_0147.png,frame_0148.png,0.29189786314964294,5.608363628387451,0.06923719618055556
frame_0148.png,frame_0149.png,0.30127471685409546,5.006398677825928,0.07877495659722222
frame_0149.png,frame_0150.png,0.31348633766174316,7.683408737182617,0.08104275173611111
frame_0150.png,frame_0151.png,0.38595902919769287,11.567750930786133,0.08153862847222222
frame_0151.png,frame_0152.png,0.26803889870643616,7.208956241607666,0.06462022569444445
frame_0152.png,frame_0153.png,0.2978549003601074,6.176307678222656,0.07126627604166667
frame_0153.png,frame_0154.png,0.3675228953361511,8.310700416564941,0.09365776909722222
frame_0154.png,frame_0155.png,0.2906677722930908,9.156859397888184,0.07421223958333334
frame_0155.png,frame_0156.png,0.25884413719177246,6.317340850830078,0.059799262152777775
frame_0156.png,frame_0157.png,0.32684358954429626,5.864515781402588,0.07300021701388888
frame_0157.png,frame_0158.png,0.26998743414878845,6.553639888763428,0.055283203125
frame_0158.png,frame_0159.png,0.27100008726119995,6.429804801940918,0.055965711805555554
frame_0159.png,frame_0160.png,0.2540801763534546,7.3411970138549805,0.0543359375
frame_0160.png,frame_0161.png,0.2954842746257782,6.347256183624268,0.06642795138888889
frame_0161.png,frame_0162.png,0.28645145893096924,10.142416954040527,0.06759657118055555
frame_0162.png,frame_0163.png,0.301239937543869,5.7474164962768555,0.07936414930555556
frame_0163.png,frame_0164.png,0.32438838481903076,6.599632740020752,0.08409722222222223
frame_0164.png,frame_0165.png,0.34745246171951294,6.144659996032715,0.08469292534722223
frame_0165.png,frame_0166.png,0.36511385440826416,5.991320610046387,0.08500434027777778
frame_0166.png,frame_0167.png,0.31902939081192017,6.134301662445068,0.08441514756944445
frame_0167.png,frame_0168.png,0.3370415270328522,10.840203285217285,0.08362738715277777
frame_0168.png,frame_0169.png,0.33921360969543457,8.107609748840332,0.08973849826388888
frame_0169.png,frame_0170.png,0.3364720940589905,5.285788059234619,0.08775933159722223
frame_0170.png,frame_0171.png,0.3329688310623169,6.471288681030273,0.08682291666666667
frame_0171.png,frame_0172.png,0.32433634996414185,4.73813009262085,0.08486979166666667
frame_0172.png,frame_0173.png,0.3025045394897461,4.747297286987305,0.081083984375
frame_0173.png,frame_0174.png,0.3105955719947815,5.246437072753906,0.08129340277777777
frame_0174.png,frame_0175.png,0.29740768671035767,4.912837028503418,0.07619683159722222
frame_0175.png,frame_0176.png,0.2747166156768799,4.826414585113525,0.06357530381944444
frame_0176.png,frame_0177.png,0.2606978416442871,4.721449375152588,0.05440646701388889
frame_0177.png,frame_0178.png,0.2600155770778656,5.0085344314575195,0.05535807291666667
frame_0178.png,frame_0179.png,0.24472026526927948,5.29034423828125,0.05284396701388889
frame_0179.png,frame_0180.png,0.25787585973739624,6.276773929595947,0.056585286458333335
frame_0180.png,frame_0181.png,0.26527082920074463,4.894712924957275,0.05466037326388889
frame_0181.png,frame_0182.png,0.28874173760414124,6.091113567352295,0.06956814236111111
frame_0182.png,frame_0183.png,0.3293907344341278,11.013855934143066,0.07869574652777778
frame_0183.png,frame_0184.png,0.3378393352031708,8.775073051452637,0.08630750868055556
frame_0184.png,frame_0185.png,0.33584678173065186,6.645947456359863,0.08323784722222222
frame_0185.png,frame_0186.png,0.35191917419433594,8.660097122192383,0.08485785590277778
frame_0186.png,frame_0187.png,0.3377368450164795,7.3219075202941895,0.0811349826388889
frame_0187.png,frame_0188.png,0.3241122364997864,6.298636436462402,0.08497721354166667
frame_0188.png,frame_0189.png,0.3078259825706482,6.698078155517578,0.08097764756944445
frame_0189.png,frame_0190.png,0.2984297275543213,5.35343599319458,0.07711697048611112
frame_0190.png,frame_0191.png,0.29720667004585266,9.14184284210205,0.07651801215277777
frame_0191.png,frame_0192.png,0.29001355171203613,5.534726142883301,0.07597981770833333
frame_0192.png,frame_0193.png,0.3030932545661926,5.363901615142822,0.08052842881944444
frame_0193.png,frame_0194.png,0.3192206621170044,4.794073581695557,0.08862087673611112
frame_0194.png,frame_0195.png,0.34818315505981445,9.102520942687988,0.08828233506944444
frame_0195.png,frame_0196.png,0.34566569328308105,8.164958000183105,0.08746527777777778
frame_0196.png,frame_0197.png,0.28122714161872864,4.418654918670654,0.07125217013888889
frame_0197.png,frame_0198.png,0.314211368560791,6.821630477905273,0.07553602430555556
frame_0198.png,frame_0199.png,0.30932894349098206,5.435810089111328,0.08491753472222222
frame_0199.png,frame_0200.png,0.2972371280193329,4.923030376434326,0.07699110243055556
frame_0200.png,frame_0201.png,0.29543447494506836,5.94957971572876,0.07204644097222222
frame_0201.png,frame_0202.png,0.2957218289375305,10.510086059570312,0.06342881944444445
frame_0202.png,frame_0203.png,0.27921077609062195,11.55273151397705,0.05886935763888889
frame_0203.png,frame_0204.png,0.273321270942688,6.336348533630371,0.057981770833333335
frame_0204.png,frame_0205.png,0.27838101983070374,8.730096817016602,0.060874565972222225
frame_0205.png,frame_0206.png,0.26747047901153564,7.231613636016846,0.05678168402777778
frame_0206.png,frame_0207.png,0.26414480805397034,8.240923881530762,0.05586154513888889
frame_0207.png,frame_0208.png,0.24941197037696838,10.920982360839844,0.053944227430555554
frame_0208.png,frame_0209.png,0.2540871500968933,9.08767032623291,0.05828884548611111
frame_0209.png,frame_0210.png,0.2724730372428894,8.118239402770996,0.057633463541666666
frame_0210.png,frame_0211.png,0.27436500787734985,8.559065818786621,0.05922309027777778
frame_0211.png,frame_0212.png,0.2528146803379059,15.78925895690918,0.05849826388888889
frame_0212.png,frame_0213.png,0.247189462184906,14.275238037109375,0.05412109375
frame_0213.png,frame_0214.png,0.2548809051513672,11.773932456970215,0.05468532986111111
frame_0214.png,frame_0215.png,0.24815382063388824,15.187582969665527,0.055335286458333334
frame_0215.png,frame_0216.png,0.25275328755378723,11.298069953918457,0.056548394097222225
frame_0216.png,frame_0217.png,0.2687201201915741,11.476251602172852,0.06158203125
frame_0217.png,frame_0218.png,0.2693861424922943,8.868229866027832,0.059486762152777775
frame_0218.png,frame_0219.png,0.2554798722267151,7.1109795570373535,0.055869140625
frame_0219.png,frame_0220.png,0.2843906283378601,6.359375,0.06834526909722222
frame_0220.png,frame_0221.png,0.3168800473213196,9.325357437133789,0.07493381076388889
frame_0221.png,frame_0222.png,0.3060566782951355,8.341331481933594,0.06910264756944444
frame_0222.png,frame_0223.png,0.2937786281108856,7.1604461669921875,0.06783203125
frame_0223.png,frame_0224.png,0.29521843791007996,7.667086601257324,0.06853081597222223
frame_0224.png,frame_0225.png,0.30294156074523926,8.355257034301758,0.07114908854166667
frame_0225.png,frame_0226.png,0.3177746534347534,7.793152809143066,0.06941514756944445
frame_0226.png,frame_0227.png,0.2901610732078552,9.534008026123047,0.07035373263888889
frame_0227.png,frame_0228.png,0.2997249960899353,7.529168128967285,0.07070203993055556
frame_0228.png,frame_0229.png,0.2986161410808563,8.224621772766113,0.07065646701388889
frame_0229.png,frame_0230.png,0.27882492542266846,5.561896324157715,0.06042209201388889
frame_0230.png,frame_0231.png,0.27853649854660034,6.0608015060424805,0.06507052951388889
frame_0231.png,frame_0232.png,0.27044346928596497,9.50523567199707,0.06606770833333334
frame_0232.png,frame_0233.png,0.27092114090919495,11.502724647521973,0.06435763888888889
frame_0233.png,frame_0234.png,0.26994389295578003,4.873533248901367,0.06148763020833333
frame_0234.png,frame_0235.png,0.25855332612991333,4.63095235824585,0.05876302083333333
frame_0235.png,frame_0236.png,0.2489321231842041,4.725733757019043,0.05566297743055556
frame_0236.png,frame_0237.png,0.23969578742980957,4.834064483642578,0.04953776041666667
frame_0237.png,frame_0238.png,0.24749353528022766,4.995944499969482,0.051555989583333336
frame_0238.png,frame_0239.png,0.24550577998161316,5.2301201820373535,0.052581380208333334
frame_0239.png,frame_0240.png,0.23405544459819794,4.669386863708496,0.05011610243055555
frame_0240.png,frame_0241.png,0.2578483819961548,5.608287334442139,0.05292209201388889
frame_0241.png,frame_0242.png,0.2327866107225418,4.928788661956787,0.05399305555555556
frame_0242.png,frame_0243.png,0.250948965549469,5.174878120422363,0.056902126736111114
frame_0243.png,frame_0244.png,0.2198905199766159,5.210375785827637,0.051252170138888886
frame_0244.png,frame_0245.png,0.22053422033786774,4.701228618621826,0.051083984375
frame_0245.png,frame_0246.png,0.2385156750679016,4.914241313934326,0.05500217013888889
frame_0246.png,frame_0247.png,0.24110765755176544,6.263361930847168,0.05560546875
frame_0247.png,frame_0248.png,0.23490895330905914,7.061941146850586,0.054278428819444446
frame_0248.png,frame_0249.png,0.23883064091205597,6.13022518157959,0.053377821180555556
frame_0249.png,frame_0250.png,0.29582831263542175,10.319193840026855,0.05712456597222222
frame_0250.png,frame_0251.png,0.23537997901439667,6.220104694366455,0.05127604166666667
frame_0251.png,frame_0252.png,0.26954421401023865,8.794833183288574,0.06256184895833333
frame_0252.png,frame_0253.png,0.272967666387558,13.050959587097168,0.06288519965277778
frame_0253.png,frame_0254.png,0.2422960102558136,4.731694221496582,0.04907552083333333
frame_0254.png,frame_0255.png,0.27541354298591614,7.550250053405762,0.05885959201388889
frame_0255.png,frame_0256.png,0.2887238562107086,10.441421508789062,0.062241753472222223
frame_0256.png,frame_0257.png,0.23956725001335144,9.655011177062988,0.05710069444444445
frame_0257.png,frame_0258.png,0.24583204090595245,9.717864036560059,0.05521701388888889
frame_0258.png,frame_0259.png,0.25833117961883545,4.555409908294678,0.055078125
frame_0259.png,frame_0260.png,0.2981017827987671,6.077579975128174,0.05999782986111111
frame_0260.png,frame_0261.png,0.3380641043186188,5.752368450164795,0.08478624131944444
frame_0261.png,frame_0262.png,0.3817289173603058,8.015530586242676,0.09461480034722222
frame_0262.png,frame_0263.png,0.38359978795051575,7.233035087585449,0.0937890625
frame_0263.png,frame_0264.png,0.34869900345802307,7.019251823425293,0.08620551215277777
frame_0264.png,frame_0265.png,0.3085976541042328,8.489096641540527,0.06976888020833333
frame_0265.png,frame_0266.png,0.3031277656555176,8.947593688964844,0.06842339409722223
frame_0266.png,frame_0267.png,0.323488712310791,7.86972713470459,0.07873806423611111
frame_0267.png,frame_0268.png,0.3628779351711273,10.724897384643555,0.09063910590277778
frame_0268.png,frame_0269.png,0.3790295422077179,7.128342151641846,0.09371310763888889
frame_0269.png,frame_0270.png,0.4092820882797241,11.16564655303955,0.0973828125
frame_0270.png,frame_0271.png,0.40136292576789856,8.256165504455566,0.09192925347222222
frame_0271.png,frame_0272.png,0.3528546094894409,15.613359451293945,0.07913519965277778
frame_0272.png,frame_0273.png,0.3073408305644989,7.6551079750061035,0.07069661458333333
frame_0273.png,frame_0274.png,0.290524423122406,11.09984302520752,0.07549479166666667
frame_0274.png,frame_0275.png,0.3207973539829254,9.671121597290039,0.08164388020833334
frame_0275.png,frame_0276.png,0.3538040220737457,13.751799583435059,0.08849066840277778
frame_0276.png,frame_0277.png,0.3284875154495239,11.544418334960938,0.08836480034722222
frame_0277.png,frame_0278.png,0.31914231181144714,10.508609771728516,0.08317057291666667
frame_0278.png,frame_0279.png,0.2743143141269684,15.12314224243164,0.058330078125
frame_0279.png,frame_0280.png,0.25455427169799805,12.332405090332031,0.05752061631944445
frame_0280.png,frame_0281.png,0.2837532162666321,24.53372573852539,0.05652669270833333
frame_0281.png,frame_0282.png,0.34179094433784485,21.94716453552246,0.08299045138888889
frame_0282.png,frame_0283.png,0.3641378581523895,29.134031295776367,0.09041015625
frame_0283.png,frame_0284.png,0.3577365577220917,18.480939865112305,0.09033962673611111
frame_0284.png,frame_0285.png,0.35234761238098145,11.076288223266602,0.09200520833333334
frame_0285.png,frame_0286.png,0.3302064538002014,12.696033477783203,0.07454210069444445
frame_0286.png,frame_0287.png,0.29808416962623596,12.663454055786133,0.06670247395833333
frame_0287.png,frame_0288.png,0.30767157673835754,18.410280227661133,0.06055447048611111
frame_0288.png,frame_0289.png,0.3467307388782501,19.238388061523438,0.07625
frame_0289.png,frame_0290.png,0.35381174087524414,21.082351684570312,0.07484917534722223
frame_0290.png,frame_0291.png,0.31547272205352783,24.213565826416016,0.06320421006944445
frame_0291.png,frame_0292.png,0.30561140179634094,7.642216682434082,0.0718283420138889
frame_0292.png,frame_0293.png,0.33815687894821167,5.961377143859863,0.08656575520833333
frame_0293.png,frame_0294.png,0.3618597984313965,5.108778953552246,0.09241753472222222
frame_0294.png,frame_0295.png,0.4439179599285126,7.250194549560547,0.10999240451388889
frame_0295.png,frame_0296.png,0.48716485500335693,7.510537624359131,0.10712456597222222
frame_0296.png,frame_0297.png,0.4572948217391968,8.056315422058105,0.10264973958333333
frame_0297.png,frame_0298.png,0.3963758647441864,7.677806377410889,0.09956597222222222
frame_0298.png,frame_0299.png,0.3636794686317444,4.706278324127197,0.09576605902777778
frame_0299.png,frame_0300.png,0.3782432973384857,5.548148155212402,0.09625651041666666
frame_0300.png,frame_0301.png,0.44595858454704285,5.857151508331299,0.1011013454861111
frame_0301.png,frame_0302.png,0.35521307587623596,5.121020793914795,0.09332682291666666
frame_0302.png,frame_0303.png,0.33093467354774475,6.089951515197754,0.08374891493055556
frame_0303.png,frame_0304.png,0.26295334100723267,5.542786121368408,0.05825086805555556
frame_0304.png,frame_0305.png,0.3618491590023041,5.224101543426514,0.09200629340277777
frame_0305.png,frame_0306.png,0.44319525361061096,12.248271942138672,0.10021158854166666
frame_0306.png,frame_0307.png,0.4337487518787384,6.926533222198486,0.10277560763888889
frame_0307.png,frame_0308.png,0.26571932435035706,4.521777629852295,0.06103841145833333
frame_0308.png,frame_0309.png,0.3016124367713928,5.3284478187561035,0.07177734375
frame_0309.png,frame_0310.png,0.3553208112716675,5.187386512756348,0.09590060763888889
frame_0310.png,frame_0311.png,0.3908320367336273,5.8113884925842285,0.09884657118055555
frame_0311.png,frame_0312.png,0.38249871134757996,8.957179069519043,0.09601019965277778
frame_0312.png,frame_0313.png,0.32013991475105286,5.494535446166992,0.07802517361111111
frame_0313.png,frame_0314.png,0.31418561935424805,8.20177173614502,0.07660807291666667
frame_0314.png,frame_0315.png,0.38010528683662415,8.148201942443848,0.0941818576388889
frame_0315.png,frame_0316.png,0.34231695532798767,5.158478260040283,0.08962890625
frame_0316.png,frame_0317.png,0.3095112442970276,6.491200923919678,0.08512912326388888
frame_0317.png,frame_0318.png,0.3511701226234436,5.211849212646484,0.09063042534722222
frame_0318.png,frame_0319.png,0.3303772211074829,8.462584495544434,0.08128472222222222
frame_0319.png,frame_0320.png,0.2844952344894409,9.710918426513672,0.057989366319444444
frame_0320.png,frame_0321.png,0.28321537375450134,6.513250350952148,0.055693359375
frame_0321.png,frame_0322.png,0.26587459444999695,5.434873580932617,0.05580946180555556
frame_0322.png,frame_0323.png,0.2773502767086029,4.876781463623047,0.055107421875
frame_0323.png,frame_0324.png,0.2527514100074768,5.044504642486572,0.05286566840277778
frame_0324.png,frame_0325.png,0.2943096160888672,6.800490856170654,0.069541015625
frame_0325.png,frame_0326.png,0.3164964020252228,7.297519683837891,0.08118381076388889
frame_0326.png,frame_0327.png,0.38446202874183655,11.961791038513184,0.09562825520833333
frame_0327.png,frame_0328.png,0.41423672437667847,10.068065643310547,0.10054796006944444
frame_0328.png,frame_0329.png,0.42839986085891724,6.846303939819336,0.10461371527777778
frame_0329.png,frame_0330.png,0.38634830713272095,5.272829055786133,0.0963791232638889
frame_0330.png,frame_0331.png,0.3858781158924103,11.997199058532715,0.09384006076388889
frame_0331.png,frame_0332.png,0.3525627851486206,10.30854606628418,0.09491753472222222
frame_0332.png,frame_0333.png,0.381450355052948,7.416938781738281,0.09837239583333333
frame_0333.png,frame_0334.png,0.3560565114021301,4.808233261108398,0.09305447048611111
frame_0334.png,frame_0335.png,0.34689652919769287,7.885647296905518,0.08916124131944445
frame_0335.png,frame_0336.png,0.25737839937210083,4.74109411239624,0.05319552951388889
frame_0336.png,frame_0337.png,0.3033941090106964,5.569554805755615,0.07490451388888889
frame_0337.png,frame_0338.png,0.43632981181144714,21.882164001464844,0.10671766493055555
frame_0338.png,frame_0339.png,0.4990931451320648,34.91863250732422,0.11280924479166667
frame_0339.png,frame_0340.png,0.46902573108673096,24.26361083984375,0.10595920138888888
frame_0340.png,frame_0341.png,0.3729856014251709,16.529823303222656,0.09764431423611111
frame_0341.png,frame_0342.png,0.28684842586517334,10.767345428466797,0.059029947916666665
frame_0342.png,frame_0343.png,0.30204150080680847,19.01096534729004,0.059658203125
frame_0343.png,frame_0344.png,0.3415587246417999,16.750398635864258,0.08638671875
frame_0344.png,frame_0345.png,0.35942184925079346,15.847919464111328,0.08896267361111111
frame_0345.png,frame_0346.png,0.4055030643939972,14.152313232421875,0.0973318142361111
frame_0346.png,frame_0347.png,0.4183236360549927,8.104052543640137,0.103359375
frame_0347.png,frame_0348.png,0.48908379673957825,18.502946853637695,0.10430230034722222
frame_0348.png,frame_0349.png,0.3930355906486511,14.772977828979492,0.09505967881944444
frame_0349.png,frame_0350.png,0.3583742678165436,12.281418800354004,0.07685546875
frame_0350.png,frame_0351.png,0.45925822854042053,17.81169891357422,0.11244900173611111
frame_0351.png,frame_0352.png,0.42603370547294617,13.788389205932617,0.10681206597222222
frame_0352.png,frame_0353.png,0.3219407796859741,5.628676891326904,0.08100477430555555
frame_0353.png,frame_0354.png,0.39087510108947754,5.326955318450928,0.09668619791666666
frame_0354.png,frame_0355.png,0.40246129035949707,6.159605503082275,0.10289713541666666
frame_0355.png,frame_0356.png,0.3631051182746887,4.592028617858887,0.09633029513888888
frame_0356.png,frame_0357.png,0.2964021563529968,6.3470988273620605,0.06821072048611111
frame_0357.png,frame_0358.png,0.2517123222351074,4.783069610595703,0.05633246527777778
frame_0358.png,frame_0359.png,0.2629150152206421,5.351044654846191,0.055926649305555555
frame_0359.png,frame_0360.png,0.312573105096817,8.403326034545898,0.07812825520833333
frame_0360.png,frame_0361.png,0.3560481071472168,6.824722766876221,0.0910080295138889
frame_0361.png,frame_0362.png,0.3687330186367035,8.89752197265625,0.09862196180555556
frame_0362.png,frame_0363.png,0.3901093602180481,5.707575798034668,0.10193901909722222
frame_0363.png,frame_0364.png,0.37056973576545715,5.015181064605713,0.10117296006944444
frame_0364.png,frame_0365.png,0.37331685423851013,7.844043731689453,0.10411675347222223
frame_0365.png,frame_0366.png,0.36011967062950134,5.098602771759033,0.0977365451388889
frame_0366.png,frame_0367.png,0.3510114252567291,5.400190830230713,0.09777994791666667
frame_0367.png,frame_0368.png,0.32694485783576965,5.491069793701172,0.0930447048611111
frame_0368.png,frame_0369.png,0.3511574864387512,6.315824031829834,0.0833984375
frame_0369.png,frame_0370.png,0.35503634810447693,6.012032508850098,0.09053493923611111
frame_0370.png,frame_0371.png,0.354266494512558,5.875922203063965,0.08644856770833333
frame_0371.png,frame_0372.png,0.33075305819511414,7.908413887023926,0.08483289930555556
frame_0372.png,frame_0373.png,0.36461079120635986,6.023866176605225,0.10363932291666667
frame_0373.png,frame_0374.png,0.4029124975204468,10.844246864318848,0.10803493923611111
frame_0374.png,frame_0375.png,0.3825935125350952,6.845033645629883,0.10662543402777777
frame_0375.png,frame_0376.png,0.3601357638835907,8.744983673095703,0.08642795138888888
frame_0376.png,frame_0377.png,0.3117717504501343,5.704168319702148,0.07267578125
frame_0377.png,frame_0378.png,0.29651036858558655,5.076720714569092,0.06106662326388889
frame_0378.png,frame_0379.png,0.287772536277771,4.804771423339844,0.05900933159722222
frame_0379.png,frame_0380.png,0.28668659925460815,7.836646556854248,0.06514105902777778
frame_0380.png,frame_0381.png,0.2610276937484741,5.258212566375732,0.060208333333333336
frame_0381.png,frame_0382.png,0.24780122935771942,5.010589599609375,0.05207248263888889
frame_0382.png,frame_0383.png,0.3089812695980072,6.174280166625977,0.05835720486111111
frame_0383.png,frame_0384.png,0.3372272551059723,4.728695869445801,0.08729166666666667
frame_0384.png,frame_0385.png,0.39723527431488037,7.904356002807617,0.11146701388888888
frame_0385.png,frame_0386.png,0.44583845138549805,7.864352226257324,0.11576605902777778
frame_0386.png,frame_0387.png,0.4545888900756836,5.2223801612854,0.11349066840277777
frame_0387.png,frame_0388.png,0.4360576570034027,6.884913921356201,0.11298719618055555
frame_0388.png,frame_0389.png,0.38674286007881165,4.953953742980957,0.11129340277777777
